Raw Material,INCI,% w/w,g per 100g,Phase,Function
Deionised water,Aqua,54.58,54.58,A,Solvent
Disodium EDTA,Disodium EDTA,0.1,0.1,A,Chelator
Glycerin,Glycerin,4.0,4.0,A,Humectant
Xanthan gum,Xanthan Gum,0.2,0.2,A,Rheology / stabiliser
Niacinamide,Niacinamide,4.0,4.0,A,Barrier / tone / sebum support
Allantoin,Allantoin,0.2,0.2,A,Soothing / smoothing
Olivem 1000,"Cetearyl Olivate, Sorbitan Olivate",4.0,4.0,B,O/W emulsifier
Cetearyl alcohol,Cetearyl Alcohol,0.5,0.5,B,Co-emulsifier / body
Caprylic/capric triglyceride,Caprylic/Capric Triglyceride,4.0,4.0,B,Light emollient
Squalane,Squalane,2.0,2.0,B,Light emollient
Tocopherol,Tocopherol,0.2,0.2,B,Oil antioxidant
Deionised water (cool-down),Aqua,20.0,20.0,C,Solvent for cool-down actives
Sodium hyaluronate,Sodium Hyaluronate,0.1,0.1,C,Humectant / film former
"Alpha-arbutin (COA, HQ n.d.)",Alpha-Arbutin,1.5,1.5,C,Tone-evening active
Zinc PCA,Zinc PCA,0.5,0.5,C,Sebum / NMF support
D-panthenol 75%,Panthenol (per supplier INCI),2.67,2.67,C,Humectant / soothing; 2.00% active target
PE 9010,"Phenoxyethanol, Ethylhexylglycerin",1.0,1.0,C,Preservative
Facial fragrance (IFRA),Parfum,0.15,0.15,C,Sensory
10% lactic acid + water process pool,"Lactic Acid, Aqua",0.3,0.3,D,pH q.s. / make-up
