A	Purified / deionized water	43.69	43.69
A	Glycerin	4.00	4.00
A	1,3-Propanediol	3.00	3.00
A	Betaine (trimethylglycine)	1.00	1.00
A	Allantoin	0.20	0.20
A	Disodium EDTA	0.10	0.10
A	Xanthan gum (transparent grade)	0.15	0.15
B	Caprylic/Capric Triglyceride	4.00	4.00
B	Dicaprylyl Carbonate	3.00	3.00
B	Squalane	2.00	2.00
B	Olivem 1000 (Cetearyl Olivate and Sorbitan Olivate)	4.50	4.50
B	Cetearyl alcohol	0.70	0.70
B	Mixed tocopherol (min. 70% active)	0.20	0.20
C	Purified / deionized water	25.00	25.00
C	Niacinamide	4.00	4.00
C	N-Acetyl Glucosamine (NAG)	2.00	2.00
C	D-Panthenol (min. 98% powder)	1.00	1.00
C	Zinc PCA	0.30	0.30
C	Trisodium citrate dihydrate	0.11	0.11
C	Citric acid, anhydrous	0.05	0.05
C	Phenoxyethanol (and) Ethylhexylglycerin	1.00	1.00
TOTAL	100.00
PH	5.2-5.6 (aim 5.4 at 25 C)
HEAT	70-75 C
COOLDOWN	below 40 C
